platform,clicks,cpc,ctr,ctr_unique,impressions,spend
Facebook Ads,250977.0,21.085000000000004,19.016,22.681999999999995,206806.0,190803.63
