plataform,clicks,cpc,ctr,ctr_unique,impressions,spend
Facebook Ads,250977,21.078999999999997,19.003999999999998,22.659000000000002,206806,190803.63
Google Analytics,70365,14.186762839305427,34.662164723418705,,86875,56484.31
TikTok,41717,6.188,8.84543275333213,,53125,45602.28
