plataform,clicks,cpc,ctr,ctr_unique,impressions,spend
Facebook Ads,250977,21.078999999999997,19.003999999999998,22.659000000000002,206806,190803.63
Google Analytics,70365,,,,86875,56484.31
TikTok,41717,,,,53125,45602.28
